build,benchmark,observations,ns/op,cpu-ns/sample,encoded-B/sample,B/op,allocs/op,cpu-%core,accepted-%,min-ns/op,max-ns/op
before,BenchmarkALPMatrix/float-histogram/noisy-fractional/n=120/buckets=128/time=regular/legacy/encode,6,420454.0,3465.5,940.9,517360.0,29.0,98.89500000000001,,409671.0,434997.0
before,BenchmarkALPMatrix/float-histogram/noisy-fractional/n=120/buckets=128/time=regular/legacy/decode,6,125082.0,1042.5,940.9,16.0,2.0,100.0,,124894.0,125387.0
before,BenchmarkALPMatrix/float-histogram/noisy-fractional/n=120/buckets=128/time=regular/ALPv3/encode,6,1093713.0,9013.5,832.6,1143376.0,83.0,98.95,,1081475.0,1105914.0
before,BenchmarkALPMatrix/float-histogram/noisy-fractional/n=120/buckets=128/time=regular/ALPv3/decode,6,35798.5,298.35,832.6,0.0,0.0,100.0,,35632.0,35908.0
before,BenchmarkALPMatrix/float/random-bits/n=120/buckets=0/time=no-st/XOR2/encode,6,2258.5,18.605,8.492,3632.0,10.0,98.86,,2257.0,2285.0
before,BenchmarkALPMatrix/float/random-bits/n=120/buckets=0/time=no-st/XOR2/decode,6,937.0999999999999,7.809,8.492,0.0,0.0,100.0,,934.0,941.9
before,BenchmarkALPMatrix/float/random-bits/n=120/buckets=0/time=no-st/ALP/encode,6,12158.5,100.80000000000001,8.267,9008.0,15.0,99.49000000000001,,12092.0,12219.0
before,BenchmarkALPMatrix/float/random-bits/n=120/buckets=0/time=no-st/ALP/decode,6,307.15,2.56,8.267,0.0,0.0,100.0,,306.6,307.5
before,BenchmarkALPMatrix/float-histogram/smooth/n=120/buckets=8/time=regular/legacy/encode,6,27555.0,229.0,20.69,9072.0,16.0,99.83500000000001,,27371.0,28186.0
before,BenchmarkALPMatrix/float-histogram/smooth/n=120/buckets=8/time=regular/legacy/decode,6,8837.5,73.66,20.69,16.0,2.0,100.0,,8828.0,8909.0
before,BenchmarkALPMatrix/float-histogram/smooth/n=120/buckets=8/time=regular/ALPv3/encode,6,54211.5,450.45,19.02,19312.0,56.0,99.77,,53740.0,56116.0
before,BenchmarkALPMatrix/float-histogram/smooth/n=120/buckets=8/time=regular/ALPv3/decode,6,2860.0,23.810000000000002,19.02,0.0,0.0,99.905,,2839.0,3114.0
before,BenchmarkALPMatrixTranscode/integer-histogram/bursty/n=120/buckets=128/time=regular/forced,6,184189.0,1534.0,131.3,20590.0,16.0,99.945,100.0,183507.0,186799.0
before,BenchmarkALPMatrixTranscode/integer-histogram/bursty/n=120/buckets=128/time=regular/adaptive,6,184000.0,1532.5,94.92,20589.0,16.0,99.93,0.0,183437.0,184710.0
before,BenchmarkALPMatrix/float/decimal2/n=120/buckets=0/time=regular/XOR2/encode,6,1835.0,15.16,5.8,2224.0,9.0,99.185,,1825.0,1843.0
before,BenchmarkALPMatrix/float/decimal2/n=120/buckets=0/time=regular/XOR2/decode,6,903.3,7.528499999999999,5.8,0.0,0.0,100.0,,900.4,914.3
before,BenchmarkALPMatrix/float/decimal2/n=120/buckets=0/time=regular/ALP/encode,6,2849.0,23.345,1.375,7600.0,14.0,98.09,,2839.0,2864.0
before,BenchmarkALPMatrix/float/decimal2/n=120/buckets=0/time=regular/ALP/decode,6,385.65,3.2145,1.375,0.0,0.0,100.0,,384.5,390.5
before,BenchmarkALPMatrix/float/computed/n=120/buckets=0/time=no-st/XOR2/encode,6,1960.5,16.185000000000002,7.117,2224.0,9.0,99.22999999999999,,1952.0,1963.0
before,BenchmarkALPMatrix/float/computed/n=120/buckets=0/time=no-st/XOR2/decode,6,905.65,7.547000000000001,7.117,0.0,0.0,100.0,,905.3,907.0
before,BenchmarkALPMatrix/float/computed/n=120/buckets=0/time=no-st/ALP/encode,6,9305.5,77.15,6.742,7600.0,14.0,99.49,,9266.0,9340.0
before,BenchmarkALPMatrix/float/computed/n=120/buckets=0/time=no-st/ALP/decode,6,559.1500000000001,4.66,6.742,0.0,0.0,100.0,,557.3,561.2
before,BenchmarkALPMatrix/integer-histogram/bursty/n=120/buckets=128/time=regular/legacy/encode,6,240717.0,2004.5,94.92,49184.0,23.0,99.92,,238163.0,247169.0
before,BenchmarkALPMatrix/integer-histogram/bursty/n=120/buckets=128/time=regular/legacy/decode,6,98375.5,819.9,94.92,16.0,2.0,100.0,,97078.0,99161.0
before,BenchmarkALPMatrix/integer-histogram/bursty/n=120/buckets=128/time=regular/ALPv3/encode,6,446055.5,3704.5,131.3,138496.0,73.0,99.80000000000001,,442957.0,451453.0
before,BenchmarkALPMatrix/integer-histogram/bursty/n=120/buckets=128/time=regular/ALPv3/decode,6,28925.0,241.1,131.3,0.0,0.0,100.0,,28877.0,28958.0
before,BenchmarkALPMatrix/float-histogram/smooth/n=120/buckets=128/time=regular/legacy/encode,6,272624.0,2269.0,177.2,87280.0,23.0,99.86,,270132.0,274533.0
before,BenchmarkALPMatrix/float-histogram/smooth/n=120/buckets=128/time=regular/legacy/decode,6,99036.5,825.4,177.2,16.0,2.0,100.0,,98674.0,99876.0
before,BenchmarkALPMatrix/float-histogram/smooth/n=120/buckets=128/time=regular/ALPv3/encode,6,470238.0,3903.5,250.1,279120.0,73.0,99.61,,466509.0,483329.0
before,BenchmarkALPMatrix/float-histogram/smooth/n=120/buckets=128/time=regular/ALPv3/decode,6,15960.5,133.05,250.1,0.0,0.0,100.0,,15864.0,16430.0
before,BenchmarkALPMatrixTranscode/float-histogram/fractional/n=120/buckets=8/time=regular/forced,6,27950.0,232.75,23.66,4362.0,16.0,99.945,100.0,27596.0,28002.0
before,BenchmarkALPMatrixTranscode/float-histogram/fractional/n=120/buckets=8/time=regular/adaptive,6,27971.5,232.9,23.66,4362.0,16.0,99.91499999999999,100.0,27943.0,28315.0
before,BenchmarkALPMatrix/float/constant/n=120/buckets=0/time=no-st/XOR2/encode,6,585.5,4.849,0.2833,560.0,6.0,99.35,,583.0,590.7
before,BenchmarkALPMatrix/float/constant/n=120/buckets=0/time=no-st/XOR2/decode,6,390.70000000000005,3.256,0.2833,0.0,0.0,100.0,,385.6,394.8
before,BenchmarkALPMatrix/float/constant/n=120/buckets=0/time=no-st/ALP/encode,6,1313.0,10.620000000000001,0.3333,7600.0,14.0,96.61,,1303.0,1326.0
before,BenchmarkALPMatrix/float/constant/n=120/buckets=0/time=no-st/ALP/decode,6,274.1,2.2845,0.3333,0.0,0.0,100.0,,273.8,274.3
before,BenchmarkALPMatrixTranscode/float/computed/n=120/buckets=0/time=regular/forced,6,9208.5,76.715,6.808,1136.0,3.0,99.96,100.0,9187.0,9232.0
before,BenchmarkALPMatrixTranscode/float/computed/n=120/buckets=0/time=regular/adaptive,6,115.0,0.95795,7.142,16.0,0.0,99.955,0.0,114.6,116.9
before,BenchmarkALPMatrix/float-histogram/bursty/n=120/buckets=128/time=regular/legacy/encode,6,270162.5,2248.0,169.2,87280.0,23.0,99.85,,265010.0,292757.0
before,BenchmarkALPMatrix/float-histogram/bursty/n=120/buckets=128/time=regular/legacy/decode,6,76825.0,640.15,169.2,16.0,2.0,99.995,,75927.0,82891.0
before,BenchmarkALPMatrix/float-histogram/bursty/n=120/buckets=128/time=regular/ALPv3/encode,6,508715.0,4219.5,230.2,234064.0,72.0,99.62,,501178.0,519088.0
before,BenchmarkALPMatrix/float-histogram/bursty/n=120/buckets=128/time=regular/ALPv3/decode,6,21134.0,176.14999999999998,230.2,0.0,0.0,100.0,,21099.0,21194.0
before,BenchmarkALPMatrixTranscode/float-histogram/noisy-fractional/n=120/buckets=128/time=regular/forced,6,652352.5,5395.0,832.6,623656.0,40.0,99.23,100.0,647922.0,674644.0
before,BenchmarkALPMatrixTranscode/float-histogram/noisy-fractional/n=120/buckets=128/time=regular/adaptive,6,657386.5,5425.5,832.6,623656.0,40.0,99.235,100.0,647603.0,672309.0
before,BenchmarkALPMatrixTranscode/integer-histogram/smooth/n=120/buckets=8/time=regular/forced,6,17336.0,144.39999999999998,5.825,2024.0,16.0,99.95,100.0,17099.0,17452.0
before,BenchmarkALPMatrixTranscode/integer-histogram/smooth/n=120/buckets=8/time=regular/adaptive,6,17468.0,145.5,5.825,2024.0,16.0,99.94,100.0,17348.0,17510.0
before,BenchmarkALPMatrix/float/constant/n=120/buckets=0/time=regular/XOR2/encode,6,589.3499999999999,4.8774999999999995,0.3083,560.0,6.0,99.38499999999999,,587.6,591.0
before,BenchmarkALPMatrix/float/constant/n=120/buckets=0/time=regular/XOR2/decode,6,388.0,3.2329999999999997,0.3083,0.0,0.0,100.0,,383.5,400.5
before,BenchmarkALPMatrix/float/constant/n=120/buckets=0/time=regular/ALP/encode,6,1305.5,10.690000000000001,0.4,7600.0,14.0,97.95,,1279.0,1333.0
before,BenchmarkALPMatrix/float/constant/n=120/buckets=0/time=regular/ALP/decode,6,272.35,2.2705,0.4,0.0,0.0,100.0,,272.2,276.0
before,BenchmarkALPMatrixTranscode/float/random-bits/n=120/buckets=0/time=regular/forced,6,11883.0,98.97999999999999,8.333,1264.0,3.0,99.945,100.0,11871.0,11923.0
before,BenchmarkALPMatrixTranscode/float/random-bits/n=120/buckets=0/time=regular/adaptive,6,62.905,0.5235,8.517,16.0,0.0,99.875,0.0,62.6,63.3
before,BenchmarkALPMatrix/float/decimal6/n=120/buckets=0/time=regular/XOR2/encode,6,1834.0,15.17,5.767,2224.0,9.0,99.19,,1828.0,1836.0
before,BenchmarkALPMatrix/float/decimal6/n=120/buckets=0/time=regular/XOR2/decode,6,913.5,7.6125,5.767,0.0,0.0,100.0,,911.1,948.7
before,BenchmarkALPMatrix/float/decimal6/n=120/buckets=0/time=regular/ALP/encode,6,6996.5,57.875,1.458,7600.0,14.0,99.27,,6987.0,7041.0
before,BenchmarkALPMatrix/float/decimal6/n=120/buckets=0/time=regular/ALP/decode,6,382.55,3.188,1.458,0.0,0.0,100.0,,380.2,383.2
before,BenchmarkALPMatrix/float/decimal2/n=120/buckets=0/time=no-st/XOR2/encode,6,1824.0,15.07,5.775,2224.0,9.0,99.155,,1816.0,1829.0
before,BenchmarkALPMatrix/float/decimal2/n=120/buckets=0/time=no-st/XOR2/decode,6,873.2,7.2775,5.775,0.0,0.0,100.0,,872.2,878.7
before,BenchmarkALPMatrix/float/decimal2/n=120/buckets=0/time=no-st/ALP/encode,6,2841.5,23.245,1.308,7600.0,14.0,97.91499999999999,,2829.0,2902.0
before,BenchmarkALPMatrix/float/decimal2/n=120/buckets=0/time=no-st/ALP/decode,6,378.8,3.157,1.308,0.0,0.0,100.0,,377.8,381.3
before,BenchmarkALPMatrix/float/random-bits/n=120/buckets=0/time=regular/XOR2/encode,6,2253.0,18.560000000000002,8.517,3632.0,10.0,98.845,,2232.0,2265.0
before,BenchmarkALPMatrix/float/random-bits/n=120/buckets=0/time=regular/XOR2/decode,6,948.4000000000001,7.902,8.517,0.0,0.0,99.99,,947.4,950.1
before,BenchmarkALPMatrix/float/random-bits/n=120/buckets=0/time=regular/ALP/encode,6,12081.5,100.05,8.333,9008.0,15.0,99.49,,12033.0,12099.0
before,BenchmarkALPMatrix/float/random-bits/n=120/buckets=0/time=regular/ALP/decode,6,305.45000000000005,2.5460000000000003,8.333,0.0,0.0,100.0,,304.6,306.3
before,BenchmarkALPMatrix/float-histogram/fractional/n=120/buckets=128/time=regular/legacy/encode,6,436922.5,3608.5,943.0,517360.0,29.0,99.055,,431050.0,444372.0
before,BenchmarkALPMatrix/float-histogram/fractional/n=120/buckets=128/time=regular/legacy/decode,6,124612.0,1038.5,943.0,16.0,2.0,100.0,,124425.0,126904.0
before,BenchmarkALPMatrix/float-histogram/fractional/n=120/buckets=128/time=regular/ALPv3/encode,6,757568.0,6257.0,225.1,662736.0,78.0,99.275,,754851.0,773846.0
before,BenchmarkALPMatrix/float-histogram/fractional/n=120/buckets=128/time=regular/ALPv3/decode,6,20096.5,167.5,225.1,0.0,0.0,100.0,,20082.0,20253.0
before,BenchmarkALPMatrix/float/computed/n=120/buckets=0/time=regular/XOR2/encode,6,1934.5,16.0,7.142,2224.0,9.0,99.235,,1928.0,1953.0
before,BenchmarkALPMatrix/float/computed/n=120/buckets=0/time=regular/XOR2/decode,6,900.2,7.5009999999999994,7.142,0.0,0.0,99.995,,896.2,903.1
before,BenchmarkALPMatrix/float/computed/n=120/buckets=0/time=regular/ALP/encode,6,9220.0,76.435,6.808,7600.0,14.0,99.485,,9187.0,9269.0
before,BenchmarkALPMatrix/float/computed/n=120/buckets=0/time=regular/ALP/decode,6,559.6,4.6635,6.808,0.0,0.0,100.0,,556.5,574.9
before,BenchmarkALPMatrix/integer-histogram/bursty/n=120/buckets=8/time=regular/legacy/encode,6,23040.5,191.8,14.06,6048.0,17.0,99.89,,22585.0,23203.0
before,BenchmarkALPMatrix/integer-histogram/bursty/n=120/buckets=8/time=regular/legacy/decode,6,8396.0,69.97,14.06,16.0,2.0,100.0,,8331.0,8459.0
before,BenchmarkALPMatrix/integer-histogram/bursty/n=120/buckets=8/time=regular/ALPv3/encode,6,49746.0,413.85,20.36,17008.0,60.0,99.83,,49453.0,50137.0
before,BenchmarkALPMatrix/integer-histogram/bursty/n=120/buckets=8/time=regular/ALPv3/decode,6,4317.0,35.980000000000004,20.36,0.0,0.0,100.0,,4308.0,4351.0
before,BenchmarkALPMatrix/float-histogram/noisy-fractional/n=120/buckets=8/time=regular/legacy/encode,6,34590.0,285.25,79.34,47216.0,21.0,98.995,,34534.0,34784.0
before,BenchmarkALPMatrix/float-histogram/noisy-fractional/n=120/buckets=8/time=regular/legacy/decode,6,10862.5,90.545,79.34,16.0,2.0,100.0,,10849.0,10882.0
before,BenchmarkALPMatrix/float-histogram/noisy-fractional/n=120/buckets=8/time=regular/ALPv3/encode,6,101840.5,843.0,73.67,93552.0,66.0,99.32499999999999,,101447.0,102413.0
before,BenchmarkALPMatrix/float-histogram/noisy-fractional/n=120/buckets=8/time=regular/ALPv3/decode,6,4372.5,36.44,73.67,0.0,0.0,100.0,,4370.0,4379.0
before,BenchmarkALPMatrixTranscode/float/decimal2/n=120/buckets=0/time=regular/forced,6,2364.0,19.66,1.375,944.0,3.0,99.8,100.0,2355.0,2371.0
before,BenchmarkALPMatrixTranscode/float/decimal2/n=120/buckets=0/time=regular/adaptive,6,2424.5,20.145,1.375,944.0,3.0,99.675,100.0,2401.0,2521.0
before,BenchmarkALPMatrix/float-histogram/fractional/n=120/buckets=8/time=regular/legacy/encode,6,38565.5,318.3,79.88,47216.0,21.0,99.13,,38454.0,38714.0
before,BenchmarkALPMatrix/float-histogram/fractional/n=120/buckets=8/time=regular/legacy/decode,6,10927.0,91.05000000000001,79.88,16.0,2.0,99.995,,10915.0,10947.0
before,BenchmarkALPMatrix/float-histogram/fractional/n=120/buckets=8/time=regular/ALPv3/encode,6,84787.5,702.3499999999999,32.19,66416.0,63.0,99.48,,84127.0,88192.0
before,BenchmarkALPMatrix/float-histogram/fractional/n=120/buckets=8/time=regular/ALPv3/decode,6,2960.5,24.67,32.19,0.0,0.0,100.0,,2952.0,2981.0
before,BenchmarkALPMatrix/float-histogram/bursty/n=120/buckets=8/time=regular/legacy/encode,6,26269.0,218.6,20.66,9072.0,16.0,99.83500000000001,,26124.0,26449.0
before,BenchmarkALPMatrix/float-histogram/bursty/n=120/buckets=8/time=regular/legacy/decode,6,7426.0,61.885000000000005,20.66,16.0,2.0,100.0,,7401.0,7453.0
before,BenchmarkALPMatrix/float-histogram/bursty/n=120/buckets=8/time=regular/ALPv3/encode,6,51861.0,431.0,22.76,23152.0,57.0,99.755,,51654.0,52079.0
before,BenchmarkALPMatrix/float-histogram/bursty/n=120/buckets=8/time=regular/ALPv3/decode,6,2830.0,23.59,22.76,0.0,0.0,100.0,,2823.0,2876.0
before,BenchmarkALPMatrix/integer-histogram/smooth/n=120/buckets=128/time=regular/legacy/encode,6,122558.5,1021.0,25.07,11040.0,18.0,99.96,,122340.0,122724.0
before,BenchmarkALPMatrix/integer-histogram/smooth/n=120/buckets=128/time=regular/legacy/decode,6,44528.5,371.05,25.07,16.0,2.0,99.995,,44491.0,44821.0
before,BenchmarkALPMatrix/integer-histogram/smooth/n=120/buckets=128/time=regular/ALPv3/encode,6,221906.0,1848.0,21.23,32128.0,62.0,99.92,,221501.0,222847.0
before,BenchmarkALPMatrix/integer-histogram/smooth/n=120/buckets=128/time=regular/ALPv3/decode,6,25820.0,215.14999999999998,21.23,0.0,0.0,100.0,,25804.0,26014.0
before,BenchmarkALPMatrix/integer-histogram/smooth/n=120/buckets=8/time=regular/legacy/encode,6,15025.0,125.1,8.917,4000.0,16.0,99.89,,14758.0,15041.0
before,BenchmarkALPMatrix/integer-histogram/smooth/n=120/buckets=8/time=regular/legacy/decode,6,5081.0,42.34,8.917,16.0,2.0,100.0,,5065.0,5089.0
before,BenchmarkALPMatrix/integer-histogram/smooth/n=120/buckets=8/time=regular/ALPv3/encode,6,34006.5,283.1,5.825,8688.0,56.0,99.89,,33912.0,34085.0
before,BenchmarkALPMatrix/integer-histogram/smooth/n=120/buckets=8/time=regular/ALPv3/decode,6,4027.0,33.565,5.825,0.0,0.0,100.0,,4019.0,4047.0
before,BenchmarkALPMatrix/float/decimal6/n=120/buckets=0/time=no-st/XOR2/encode,6,1831.0,15.14,5.742,2224.0,9.0,99.185,,1829.0,1844.0
before,BenchmarkALPMatrix/float/decimal6/n=120/buckets=0/time=no-st/XOR2/decode,6,913.0,7.609,5.742,0.0,0.0,100.0,,905.3,918.4
before,BenchmarkALPMatrix/float/decimal6/n=120/buckets=0/time=no-st/ALP/encode,6,6993.0,57.845,1.392,7600.0,14.0,99.245,,6979.0,7022.0
before,BenchmarkALPMatrix/float/decimal6/n=120/buckets=0/time=no-st/ALP/decode,6,381.5,3.1795,1.392,0.0,0.0,100.0,,381.0,382.5
after,BenchmarkALPMatrix/float-histogram/noisy-fractional/n=120/buckets=128/time=regular/legacy/encode,6,419554.5,3459.0,940.9,517360.0,29.0,98.91,,415897.0,445149.0
after,BenchmarkALPMatrix/float-histogram/noisy-fractional/n=120/buckets=128/time=regular/legacy/decode,6,125291.0,1043.5,940.9,16.0,2.0,99.985,,124835.0,126867.0
after,BenchmarkALPMatrix/float-histogram/noisy-fractional/n=120/buckets=128/time=regular/ALPv3/encode,6,850805.5,7043.0,832.6,742690.0,55.0,99.32499999999999,,848776.0,880693.0
after,BenchmarkALPMatrix/float-histogram/noisy-fractional/n=120/buckets=128/time=regular/ALPv3/decode,6,35575.5,296.5,832.6,0.0,0.0,100.0,,35524.0,35754.0
after,BenchmarkALPMatrix/float-histogram/noisy-fractional/n=120/buckets=128/time=regular/ALPv4/encode,6,852016.5,7052.5,832.6,742690.0,55.0,99.295,,845489.0,858739.0
after,BenchmarkALPMatrix/float-histogram/noisy-fractional/n=120/buckets=128/time=regular/ALPv4/decode,6,35626.5,296.9,832.6,0.0,0.0,100.0,,35606.0,35936.0
after,BenchmarkALPMatrix/float/random-bits/n=120/buckets=0/time=no-st/XOR2/encode,6,2244.5,18.485,8.492,3632.0,10.0,98.85,,2236.0,2268.0
after,BenchmarkALPMatrix/float/random-bits/n=120/buckets=0/time=no-st/XOR2/decode,6,940.5999999999999,7.838,8.492,0.0,0.0,99.99000000000001,,936.1,978.2
after,BenchmarkALPMatrix/float/random-bits/n=120/buckets=0/time=no-st/ALP/encode,6,7308.5,60.665,8.267,4552.0,7.0,99.61,,7292.0,7731.0
after,BenchmarkALPMatrix/float/random-bits/n=120/buckets=0/time=no-st/ALP/decode,6,307.54999999999995,2.5635000000000003,8.267,0.0,0.0,99.995,,306.2,317.0
after,BenchmarkALPMatrix/float-histogram/smooth/n=120/buckets=8/time=regular/legacy/encode,6,27830.5,231.35,20.69,9072.0,16.0,99.795,,27424.0,28073.0
after,BenchmarkALPMatrix/float-histogram/smooth/n=120/buckets=8/time=regular/legacy/decode,6,8867.5,73.91,20.69,16.0,2.0,100.0,,8824.0,8970.0
after,BenchmarkALPMatrix/float-histogram/smooth/n=120/buckets=8/time=regular/ALPv3/encode,6,53844.5,446.85,19.02,16064.0,42.0,99.595,,52743.0,54483.0
after,BenchmarkALPMatrix/float-histogram/smooth/n=120/buckets=8/time=regular/ALPv3/decode,6,2902.0,24.064999999999998,19.02,0.0,0.0,99.525,,2798.0,2931.0
after,BenchmarkALPMatrix/float-histogram/smooth/n=120/buckets=8/time=regular/ALPv4/encode,6,60664.5,503.75,11.97,15296.0,42.0,99.705,,58318.0,62081.0
after,BenchmarkALPMatrix/float-histogram/smooth/n=120/buckets=8/time=regular/ALPv4/decode,6,4014.5,33.455,11.97,0.0,0.0,100.0,,4001.0,4023.0
after,BenchmarkALPMatrixTranscode/integer-histogram/bursty/n=120/buckets=128/time=regular/forced,6,181908.5,1515.0,131.3,19986.0,11.0,99.955,100.0,181451.0,184359.0
after,BenchmarkALPMatrixTranscode/integer-histogram/bursty/n=120/buckets=128/time=regular/adaptive,6,6872.5,57.019999999999996,94.92,3504.0,9.0,99.66499999999999,0.0,6857.0,6929.0
after,BenchmarkALPMatrix/float/decimal2/n=120/buckets=0/time=regular/XOR2/encode,6,1839.5,15.185,5.8,2224.0,9.0,99.025,,1829.0,1881.0
after,BenchmarkALPMatrix/float/decimal2/n=120/buckets=0/time=regular/XOR2/decode,6,908.85,7.5745000000000005,5.8,0.0,0.0,100.0,,899.1,913.8
after,BenchmarkALPMatrix/float/decimal2/n=120/buckets=0/time=regular/ALP/encode,6,2482.0,20.415,1.375,4552.0,7.0,98.75,,2473.0,2499.0
after,BenchmarkALPMatrix/float/decimal2/n=120/buckets=0/time=regular/ALP/decode,6,386.70000000000005,3.2225,1.375,0.0,0.0,100.0,,385.3,389.5
after,BenchmarkALPMatrix/float/computed/n=120/buckets=0/time=no-st/XOR2/encode,6,1976.0,16.314999999999998,7.117,2224.0,9.0,99.155,,1968.0,1982.0
after,BenchmarkALPMatrix/float/computed/n=120/buckets=0/time=no-st/XOR2/decode,6,895.3,7.46,7.117,0.0,0.0,100.0,,892.4,898.9
after,BenchmarkALPMatrix/float/computed/n=120/buckets=0/time=no-st/ALP/encode,6,4410.5,36.43,6.742,4552.0,7.0,99.32,,4391.0,4465.0
after,BenchmarkALPMatrix/float/computed/n=120/buckets=0/time=no-st/ALP/decode,6,560.95,4.6754999999999995,6.742,0.0,0.0,100.0,,560.2,561.5
after,BenchmarkALPMatrix/integer-histogram/bursty/n=120/buckets=128/time=regular/legacy/encode,6,242748.0,2021.5,94.92,49184.0,23.0,99.91,,240653.0,247605.0
after,BenchmarkALPMatrix/integer-histogram/bursty/n=120/buckets=128/time=regular/legacy/decode,6,98390.5,819.75,94.92,16.0,2.0,100.0,,96578.0,100504.0
after,BenchmarkALPMatrix/integer-histogram/bursty/n=120/buckets=128/time=regular/ALPv3/encode,6,434357.5,3615.0,131.3,103632.0,53.0,99.875,,432697.0,440911.0
after,BenchmarkALPMatrix/integer-histogram/bursty/n=120/buckets=128/time=regular/ALPv3/decode,6,29298.5,244.2,131.3,0.0,0.0,100.0,,29203.0,29482.0
after,BenchmarkALPMatrix/integer-histogram/bursty/n=120/buckets=128/time=regular/ALPv4/encode,6,534727.5,4452.0,94.5,83152.0,52.0,99.905,,530691.0,549707.0
after,BenchmarkALPMatrix/integer-histogram/bursty/n=120/buckets=128/time=regular/ALPv4/decode,6,29378.5,244.75,94.5,0.0,0.0,100.0,,29307.0,29497.0
after,BenchmarkALPMatrix/float-histogram/smooth/n=120/buckets=128/time=regular/legacy/encode,6,270993.0,2254.0,177.2,87280.0,23.0,99.845,,268974.0,273279.0
after,BenchmarkALPMatrix/float-histogram/smooth/n=120/buckets=128/time=regular/legacy/decode,6,98546.5,821.25,177.2,16.0,2.0,100.0,,98382.0,99351.0
after,BenchmarkALPMatrix/float-histogram/smooth/n=120/buckets=128/time=regular/ALPv3/encode,6,450515.0,3743.0,250.1,215584.0,51.0,99.68,,446764.0,454666.0
after,BenchmarkALPMatrix/float-histogram/smooth/n=120/buckets=128/time=regular/ALPv3/decode,6,16093.5,134.15,250.1,0.0,0.0,100.0,,16059.0,16269.0
after,BenchmarkALPMatrix/float-histogram/smooth/n=120/buckets=128/time=regular/ALPv4/encode,6,523537.5,4358.0,95.71,125472.0,49.0,99.88,,518063.0,550914.0
after,BenchmarkALPMatrix/float-histogram/smooth/n=120/buckets=128/time=regular/ALPv4/decode,6,29726.0,247.75,95.71,0.0,0.0,100.0,,29679.0,29830.0
after,BenchmarkALPMatrixTranscode/float-histogram/fractional/n=120/buckets=8/time=regular/forced,6,26065.0,217.05,23.66,3793.0,11.0,99.94,100.0,25789.0,26501.0
after,BenchmarkALPMatrixTranscode/float-histogram/fractional/n=120/buckets=8/time=regular/adaptive,6,26183.5,218.05,23.66,3793.0,11.0,99.93,100.0,26085.0,26262.0
after,BenchmarkALPMatrix/float/constant/n=120/buckets=0/time=no-st/XOR2/encode,6,582.25,4.818,0.2833,560.0,6.0,99.36500000000001,,578.8,585.8
after,BenchmarkALPMatrix/float/constant/n=120/buckets=0/time=no-st/XOR2/decode,6,393.3,3.2775,0.2833,0.0,0.0,100.0,,389.8,399.9
after,BenchmarkALPMatrix/float/constant/n=120/buckets=0/time=no-st/ALP/encode,6,1054.5,8.526,0.3333,4552.0,7.0,96.96000000000001,,1049.0,1060.0
after,BenchmarkALPMatrix/float/constant/n=120/buckets=0/time=no-st/ALP/decode,6,271.5,2.2625,0.3333,0.0,0.0,100.0,,270.3,272.1
after,BenchmarkALPMatrixTranscode/float/computed/n=120/buckets=0/time=regular/forced,6,4654.5,38.745000000000005,6.808,1136.0,3.0,99.91,100.0,4584.0,4676.0
after,BenchmarkALPMatrixTranscode/float/computed/n=120/buckets=0/time=regular/adaptive,6,117.1,0.9753499999999999,7.142,16.0,0.0,99.94,0.0,116.6,117.2
after,BenchmarkALPMatrix/float-histogram/bursty/n=120/buckets=128/time=regular/legacy/encode,6,260332.5,2165.5,169.2,87280.0,23.0,99.815,,259522.0,269691.0
after,BenchmarkALPMatrix/float-histogram/bursty/n=120/buckets=128/time=regular/legacy/decode,6,79163.0,659.65,169.2,16.0,2.0,100.0,,76962.0,91086.0
after,BenchmarkALPMatrix/float-histogram/bursty/n=120/buckets=128/time=regular/ALPv3/encode,6,501977.5,4174.0,230.2,167840.0,50.0,99.77,,492837.0,516752.0
after,BenchmarkALPMatrix/float-histogram/bursty/n=120/buckets=128/time=regular/ALPv3/decode,6,21089.5,175.75,230.2,0.0,0.0,99.995,,21034.0,21125.0
after,BenchmarkALPMatrix/float-histogram/bursty/n=120/buckets=128/time=regular/ALPv4/encode,6,545200.0,4534.5,204.2,163744.0,50.0,99.78999999999999,,538542.0,571373.0
after,BenchmarkALPMatrix/float-histogram/bursty/n=120/buckets=128/time=regular/ALPv4/decode,6,22788.0,189.9,204.2,0.0,0.0,100.0,,22731.0,22893.0
after,BenchmarkALPMatrixTranscode/float-histogram/noisy-fractional/n=120/buckets=128/time=regular/forced,6,429018.0,3561.0,832.6,222965.0,12.0,99.72,100.0,424179.0,434850.0
after,BenchmarkALPMatrixTranscode/float-histogram/noisy-fractional/n=120/buckets=128/time=regular/adaptive,6,428578.5,3558.5,832.6,222965.0,12.0,99.64,100.0,427097.0,434292.0
after,BenchmarkALPMatrixTranscode/integer-histogram/smooth/n=120/buckets=8/time=regular/forced,6,16881.0,140.64999999999998,5.825,1392.0,11.0,99.97999999999999,100.0,16841.0,16931.0
after,BenchmarkALPMatrixTranscode/integer-histogram/smooth/n=120/buckets=8/time=regular/adaptive,6,17019.0,141.75,5.825,1392.0,11.0,99.955,100.0,16975.0,17071.0
after,BenchmarkALPMatrix/float/constant/n=120/buckets=0/time=regular/XOR2/encode,6,599.25,4.965,0.3083,560.0,6.0,99.405,,598.5,603.4
after,BenchmarkALPMatrix/float/constant/n=120/buckets=0/time=regular/XOR2/decode,6,375.15,3.126,0.3083,0.0,0.0,100.0,,373.0,386.7
after,BenchmarkALPMatrix/float/constant/n=120/buckets=0/time=regular/ALP/encode,6,1029.5,8.340499999999999,0.4,4552.0,7.0,97.20500000000001,,1020.0,1042.0
after,BenchmarkALPMatrix/float/constant/n=120/buckets=0/time=regular/ALP/decode,6,273.0,2.2735000000000003,0.4,0.0,0.0,100.0,,271.6,275.9
after,BenchmarkALPMatrixTranscode/float/random-bits/n=120/buckets=0/time=regular/forced,6,7404.0,61.66,8.333,1264.0,3.0,99.935,100.0,7389.0,7465.0
after,BenchmarkALPMatrixTranscode/float/random-bits/n=120/buckets=0/time=regular/adaptive,6,62.91,0.5237499999999999,8.517,16.0,0.0,99.89500000000001,0.0,62.6,63.41
after,BenchmarkALPMatrix/float/decimal6/n=120/buckets=0/time=regular/XOR2/encode,6,1834.5,15.145,5.767,2224.0,9.0,99.145,,1830.0,1839.0
after,BenchmarkALPMatrix/float/decimal6/n=120/buckets=0/time=regular/XOR2/decode,6,921.85,7.681,5.767,0.0,0.0,99.99,,919.9,926.0
after,BenchmarkALPMatrix/float/decimal6/n=120/buckets=0/time=regular/ALP/encode,6,6646.5,55.16,1.458,4552.0,7.0,99.6,,6616.0,6678.0
after,BenchmarkALPMatrix/float/decimal6/n=120/buckets=0/time=regular/ALP/decode,6,379.5,3.1624999999999996,1.458,0.0,0.0,100.0,,378.7,382.9
after,BenchmarkALPMatrix/float/decimal2/n=120/buckets=0/time=no-st/XOR2/encode,6,1818.5,15.02,5.775,2224.0,9.0,99.17500000000001,,1811.0,1838.0
after,BenchmarkALPMatrix/float/decimal2/n=120/buckets=0/time=no-st/XOR2/decode,6,875.3499999999999,7.2965,5.775,0.0,0.0,100.0,,863.9,907.2
after,BenchmarkALPMatrix/float/decimal2/n=120/buckets=0/time=no-st/ALP/encode,6,2466.0,20.265,1.308,4552.0,7.0,98.705,,2435.0,2479.0
after,BenchmarkALPMatrix/float/decimal2/n=120/buckets=0/time=no-st/ALP/decode,6,382.25,3.1855,1.308,0.0,0.0,100.0,,381.7,382.3
after,BenchmarkALPMatrix/float/random-bits/n=120/buckets=0/time=regular/XOR2/encode,6,2236.5,18.43,8.517,3632.0,10.0,98.845,,2227.0,2260.0
after,BenchmarkALPMatrix/float/random-bits/n=120/buckets=0/time=regular/XOR2/decode,6,947.55,7.8975,8.517,0.0,0.0,100.0,,945.4,950.9
after,BenchmarkALPMatrix/float/random-bits/n=120/buckets=0/time=regular/ALP/encode,6,7165.5,59.495000000000005,8.333,4552.0,7.0,99.63499999999999,,7029.0,7197.0
after,BenchmarkALPMatrix/float/random-bits/n=120/buckets=0/time=regular/ALP/decode,6,306.5,2.5545,8.333,0.0,0.0,100.0,,304.6,309.4
after,BenchmarkALPMatrix/float-histogram/fractional/n=120/buckets=128/time=regular/legacy/encode,6,426365.0,3516.0,943.0,517360.0,29.0,98.975,,423348.0,439988.0
after,BenchmarkALPMatrix/float-histogram/fractional/n=120/buckets=128/time=regular/legacy/decode,6,124472.0,1037.0,943.0,16.0,2.0,99.995,,124283.0,124828.0
after,BenchmarkALPMatrix/float-histogram/fractional/n=120/buckets=128/time=regular/ALPv3/encode,6,718292.5,5938.0,225.1,663456.0,55.0,99.265,,715795.0,726629.0
after,BenchmarkALPMatrix/float-histogram/fractional/n=120/buckets=128/time=regular/ALPv3/decode,6,20018.5,166.8,225.1,0.0,0.0,100.0,,20007.0,20067.0
after,BenchmarkALPMatrix/float-histogram/fractional/n=120/buckets=128/time=regular/ALPv4/encode,6,743506.0,6152.0,225.1,663456.0,55.0,99.28,,739419.0,747604.0
after,BenchmarkALPMatrix/float-histogram/fractional/n=120/buckets=128/time=regular/ALPv4/decode,6,20035.5,166.95,225.1,0.0,0.0,100.0,,19988.0,20134.0
after,BenchmarkALPMatrix/float/computed/n=120/buckets=0/time=regular/XOR2/encode,6,1967.5,16.25,7.142,2224.0,9.0,99.235,,1963.0,1982.0
after,BenchmarkALPMatrix/float/computed/n=120/buckets=0/time=regular/XOR2/decode,6,896.0,7.4670000000000005,7.142,0.0,0.0,100.0,,892.0,896.7
after,BenchmarkALPMatrix/float/computed/n=120/buckets=0/time=regular/ALP/encode,6,4418.5,36.535,6.808,4552.0,7.0,99.34,,4380.0,4427.0
after,BenchmarkALPMatrix/float/computed/n=120/buckets=0/time=regular/ALP/decode,6,553.5,4.613,6.808,0.0,0.0,100.0,,553.0,554.9
after,BenchmarkALPMatrix/integer-histogram/bursty/n=120/buckets=8/time=regular/legacy/encode,6,22924.0,190.85,14.06,6048.0,17.0,99.89,,22572.0,23008.0
after,BenchmarkALPMatrix/integer-histogram/bursty/n=120/buckets=8/time=regular/legacy/decode,6,8361.5,69.68,14.06,16.0,2.0,99.995,,8334.0,8603.0
after,BenchmarkALPMatrix/integer-histogram/bursty/n=120/buckets=8/time=regular/ALPv3/encode,6,48969.0,407.45000000000005,20.36,15552.0,47.0,99.85,,48754.0,49383.0
after,BenchmarkALPMatrix/integer-histogram/bursty/n=120/buckets=8/time=regular/ALPv3/decode,6,4358.0,36.32,20.36,0.0,0.0,100.0,,4353.0,4362.0
after,BenchmarkALPMatrix/integer-histogram/bursty/n=120/buckets=8/time=regular/ALPv4/encode,6,56803.5,472.95,16.27,12224.0,46.0,99.91,,56526.0,57166.0
after,BenchmarkALPMatrix/integer-histogram/bursty/n=120/buckets=8/time=regular/ALPv4/decode,6,4164.5,34.705,16.27,0.0,0.0,100.0,,4150.0,4210.0
after,BenchmarkALPMatrix/float-histogram/noisy-fractional/n=120/buckets=8/time=regular/legacy/encode,6,34597.0,285.35,79.34,47216.0,21.0,99.00999999999999,,34502.0,34914.0
after,BenchmarkALPMatrix/float-histogram/noisy-fractional/n=120/buckets=8/time=regular/legacy/decode,6,10840.0,90.33,79.34,16.0,2.0,99.99,,10828.0,10851.0
after,BenchmarkALPMatrix/float-histogram/noisy-fractional/n=120/buckets=8/time=regular/ALPv3/encode,6,81296.5,673.8,73.67,68416.0,47.0,99.43,,81042.0,81645.0
after,BenchmarkALPMatrix/float-histogram/noisy-fractional/n=120/buckets=8/time=regular/ALPv3/decode,6,4339.0,36.16,73.67,0.0,0.0,100.0,,4338.0,4344.0
after,BenchmarkALPMatrix/float-histogram/noisy-fractional/n=120/buckets=8/time=regular/ALPv4/encode,6,81530.0,675.5,73.67,68416.0,47.0,99.42500000000001,,81204.0,82076.0
after,BenchmarkALPMatrix/float-histogram/noisy-fractional/n=120/buckets=8/time=regular/ALPv4/decode,6,4346.5,36.22,73.67,0.0,0.0,100.0,,4342.0,4352.0
after,BenchmarkALPMatrixTranscode/float/decimal2/n=120/buckets=0/time=regular/forced,6,2238.0,18.615000000000002,1.375,944.0,3.0,99.78999999999999,100.0,2232.0,2244.0
after,BenchmarkALPMatrixTranscode/float/decimal2/n=120/buckets=0/time=regular/adaptive,6,2238.5,18.61,1.375,944.0,3.0,99.755,100.0,2234.0,2255.0
after,BenchmarkALPMatrix/float-histogram/fractional/n=120/buckets=8/time=regular/legacy/encode,6,38639.0,318.75,79.88,47216.0,21.0,99.11500000000001,,38514.0,38879.0
after,BenchmarkALPMatrix/float-histogram/fractional/n=120/buckets=8/time=regular/legacy/decode,6,10943.5,91.185,79.88,16.0,2.0,100.0,,10911.0,11074.0
after,BenchmarkALPMatrix/float-histogram/fractional/n=120/buckets=8/time=regular/ALPv3/encode,6,81509.0,675.1,32.19,63040.0,47.0,99.47,,80786.0,84085.0
after,BenchmarkALPMatrix/float-histogram/fractional/n=120/buckets=8/time=regular/ALPv3/decode,6,2928.5,24.41,32.19,0.0,0.0,100.0,,2924.0,2959.0
after,BenchmarkALPMatrix/float-histogram/fractional/n=120/buckets=8/time=regular/ALPv4/encode,6,82709.5,685.45,32.19,63040.0,47.0,99.505,,82287.0,83728.0
after,BenchmarkALPMatrix/float-histogram/fractional/n=120/buckets=8/time=regular/ALPv4/decode,6,2929.5,24.415,32.19,0.0,0.0,100.0,,2928.0,2946.0
after,BenchmarkALPMatrix/float-histogram/bursty/n=120/buckets=8/time=regular/legacy/encode,6,26292.5,218.7,20.66,9072.0,16.0,99.83500000000001,,26166.0,26485.0
after,BenchmarkALPMatrix/float-histogram/bursty/n=120/buckets=8/time=regular/legacy/decode,6,7561.5,63.019999999999996,20.66,16.0,2.0,100.0,,7556.0,7580.0
after,BenchmarkALPMatrix/float-histogram/bursty/n=120/buckets=8/time=regular/ALPv3/encode,6,50014.5,415.95000000000005,22.76,16832.0,42.0,99.83500000000001,,49941.0,50284.0
after,BenchmarkALPMatrix/float-histogram/bursty/n=120/buckets=8/time=regular/ALPv3/decode,6,2885.0,24.045,22.76,0.0,0.0,100.0,,2873.0,2925.0
after,BenchmarkALPMatrix/float-histogram/bursty/n=120/buckets=8/time=regular/ALPv4/encode,6,58058.5,483.05,15.59,19904.0,43.0,99.83,,57604.0,58454.0
after,BenchmarkALPMatrix/float-histogram/bursty/n=120/buckets=8/time=regular/ALPv4/decode,6,4002.5,33.355000000000004,15.59,0.0,0.0,100.0,,3997.0,4004.0
after,BenchmarkALPMatrix/integer-histogram/smooth/n=120/buckets=128/time=regular/legacy/encode,6,122699.5,1022.5,25.07,11040.0,18.0,99.955,,122586.0,122853.0
after,BenchmarkALPMatrix/integer-histogram/smooth/n=120/buckets=128/time=regular/legacy/decode,6,44478.5,370.65,25.07,16.0,2.0,99.995,,44445.0,44526.0
after,BenchmarkALPMatrix/integer-histogram/smooth/n=120/buckets=128/time=regular/ALPv3/encode,6,226703.5,1888.0,21.23,26192.0,47.0,99.95,,225910.0,226839.0
after,BenchmarkALPMatrix/integer-histogram/smooth/n=120/buckets=128/time=regular/ALPv3/decode,6,26174.5,218.15,21.23,0.0,0.0,100.0,,25937.0,26480.0
after,BenchmarkALPMatrix/integer-histogram/smooth/n=120/buckets=128/time=regular/ALPv4/encode,6,260873.0,2173.5,20.48,26192.0,47.0,99.96,,260151.0,262227.0
after,BenchmarkALPMatrix/integer-histogram/smooth/n=120/buckets=128/time=regular/ALPv4/decode,6,25941.0,216.2,20.48,0.0,0.0,100.0,,25900.0,25989.0
after,BenchmarkALPMatrix/integer-histogram/smooth/n=120/buckets=8/time=regular/legacy/encode,6,15029.0,125.1,8.917,4000.0,16.0,99.89500000000001,,14761.0,15082.0
after,BenchmarkALPMatrix/integer-histogram/smooth/n=120/buckets=8/time=regular/legacy/decode,6,5075.5,42.290000000000006,8.917,16.0,2.0,100.0,,5041.0,5153.0
after,BenchmarkALPMatrix/integer-histogram/smooth/n=120/buckets=8/time=regular/ALPv3/encode,6,33995.0,282.85,5.825,8192.0,45.0,99.91,,33818.0,34282.0
after,BenchmarkALPMatrix/integer-histogram/smooth/n=120/buckets=8/time=regular/ALPv3/decode,6,4163.5,34.695,5.825,0.0,0.0,100.0,,4140.0,4192.0
after,BenchmarkALPMatrix/integer-histogram/smooth/n=120/buckets=8/time=regular/ALPv4/encode,6,37551.5,312.55,5.642,8192.0,45.0,99.89,,37213.0,38234.0
after,BenchmarkALPMatrix/integer-histogram/smooth/n=120/buckets=8/time=regular/ALPv4/decode,6,4193.5,34.95,5.642,0.0,0.0,100.0,,4185.0,4258.0
after,BenchmarkALPMatrix/float/decimal6/n=120/buckets=0/time=no-st/XOR2/encode,6,1828.5,15.09,5.742,2224.0,9.0,99.175,,1821.0,1835.0
after,BenchmarkALPMatrix/float/decimal6/n=120/buckets=0/time=no-st/XOR2/decode,6,910.5,7.5815,5.742,0.0,0.0,99.995,,908.0,914.0
after,BenchmarkALPMatrix/float/decimal6/n=120/buckets=0/time=no-st/ALP/encode,6,6644.5,55.144999999999996,1.392,4552.0,7.0,99.595,,6620.0,6662.0
after,BenchmarkALPMatrix/float/decimal6/n=120/buckets=0/time=no-st/ALP/decode,6,384.20000000000005,3.2015000000000002,1.392,0.0,0.0,100.0,,383.7,386.2
