backend,suite,family,pattern,samples,buckets,timing,codec,operation,observations,ns/op,min-ns/op,max-ns/op,M-samples/s,MB/s,encoded-B/sample,cpu-seconds/M-samples,cpu-ns/sample,user-cpu-ns/sample,sys-cpu-ns/sample,cpu-%core,B/op,allocs/op,chunks/op,accepted-%,benchmark
scalar,BenchmarkALPMatrix,float-histogram,bursty,1024,8,regular,ALPv3,decode,6,29299.5,27391.0,33739.0,34.94940186692606,3079.6099999999997,25.34,0.02861,28.61,28.55,0.060825,99.99,0.0,0.0,1.0,,BenchmarkALPMatrix/float-histogram/bursty/n=1024/buckets=8/time=regular/ALPv3/decode
scalar,BenchmarkALPMatrix,float-histogram,bursty,1024,8,regular,ALPv4,decode,6,35896.0,35725.0,53233.0,28.526855359928682,2510.34,15.56,0.03505,35.05,34.980000000000004,0.083105,99.99,0.0,0.0,1.0,,BenchmarkALPMatrix/float-histogram/bursty/n=1024/buckets=8/time=regular/ALPv4/decode
scalar,BenchmarkALPMatrix,float-histogram,bursty,1024,8,regular,legacy,decode,6,77521.0,77314.0,110987.0,13.209323925129965,1162.42,24.82,0.07570500000000001,75.70500000000001,75.565,0.16175,99.99,16.0,2.0,1.0,,BenchmarkALPMatrix/float-histogram/bursty/n=1024/buckets=8/time=regular/legacy/decode
scalar,BenchmarkALPMatrix,float-histogram,layout,120,128,regular,ALPv3,encode,6,475144.5,470992.0,688720.0,0.2525547491342108,266.705,253.0,3.9485,3948.5,3938.5,9.875,99.705,193768.0,93.0,2.0,,BenchmarkALPMatrix/float-histogram/layout/n=120/buckets=128/time=regular/ALPv3/encode
scalar,BenchmarkALPMatrix,float-histogram,layout,120,128,regular,ALPv4,encode,6,569429.5,565690.0,826607.0,0.21073723788458448,222.54500000000002,96.88,4.7385,4738.5,4729.0,10.6435,99.85499999999999,142568.0,91.0,2.0,,BenchmarkALPMatrix/float-histogram/layout/n=120/buckets=128/time=regular/ALPv4/encode
scalar,BenchmarkALPMatrix,float-histogram,layout,120,128,regular,legacy,encode,6,269607.0,267970.0,270866.0,0.4450923010159232,470.02,186.3,2.2415,2241.5,2236.0,5.115,99.775,98248.0,41.0,2.0,,BenchmarkALPMatrix/float-histogram/layout/n=120/buckets=128/time=regular/legacy/encode
scalar,BenchmarkALPMatrix,float-histogram,noisy-fractional,120,8,regular,ALPv3,decode,6,4173.5,4140.0,6191.0,28.75284533365281,2530.38,73.67,0.034765,34.765,34.519999999999996,0.20905500000000002,99.98,0.0,0.0,1.0,,BenchmarkALPMatrix/float-histogram/noisy-fractional/n=120/buckets=8/time=regular/ALPv3/decode
scalar,BenchmarkALPMatrix,float-histogram,noisy-fractional,120,8,regular,ALPv4,decode,6,4248.5,4197.0,4300.0,28.245263034012005,2485.4700000000003,73.67,0.035405,35.405,34.455,0.95435,99.99,0.0,0.0,1.0,,BenchmarkALPMatrix/float-histogram/noisy-fractional/n=120/buckets=8/time=regular/ALPv4/decode
scalar,BenchmarkALPMatrix,float-histogram,noisy-fractional,120,8,regular,legacy,decode,6,10342.5,10311.0,15289.0,11.602610587382161,1021.03,79.34,0.086175,86.175,86.055,0.1588,99.985,16.0,2.0,1.0,,BenchmarkALPMatrix/float-histogram/noisy-fractional/n=120/buckets=8/time=regular/legacy/decode
scalar,BenchmarkALPMatrix,float,counter,1024,0,regular,ALP,decode,6,5323.5,5313.0,5346.0,192.35465389311543,1538.7649999999999,1.769,0.0052035,5.2035,5.193,0.01078,100.1,0.0,0.0,1.0,,BenchmarkALPMatrix/float/counter/n=1024/buckets=0/time=regular/ALP/decode
scalar,BenchmarkALPMatrix,float,counter,1024,0,regular,ALP,encode,6,14798.5,14744.0,15422.0,69.19620231780247,553.5799999999999,1.769,0.014379999999999999,14.379999999999999,14.305,0.061195,99.545,10936.0,16.0,1.0,,BenchmarkALPMatrix/float/counter/n=1024/buckets=0/time=regular/ALP/encode
scalar,BenchmarkALPMatrix,float,counter,1024,0,regular,XOR2,decode,6,26528.0,23857.0,26636.0,38.600723763570564,308.805,4.688,0.025924999999999997,25.924999999999997,25.884999999999998,0.048565,100.1,0.0,0.0,1.0,,BenchmarkALPMatrix/float/counter/n=1024/buckets=0/time=regular/XOR2/decode
scalar,BenchmarkALPMatrix,float,counter,1024,0,regular,XOR2,encode,6,13970.5,13843.0,20025.0,73.29730503561075,586.375,4.688,0.013515000000000001,13.515,13.455,0.07502500000000001,99.065,18224.0,14.0,1.0,,BenchmarkALPMatrix/float/counter/n=1024/buckets=0/time=regular/XOR2/encode
scalar,BenchmarkALPMatrix,float,decimal2,120,0,changing-st,ALP,encode,6,5716.5,5140.0,5956.0,20.991865652059825,167.94,2.467,0.04743,47.43,47.215,0.22075,99.565,4552.0,7.0,1.0,,BenchmarkALPMatrix/float/decimal2/n=120/buckets=0/time=changing-st/ALP/encode
scalar,BenchmarkALPMatrix,float,decimal2,120,0,changing-st,XOR2,encode,6,3965.5,3958.0,4456.0,30.26100113478754,242.10500000000002,8.242,0.032850000000000004,32.85,32.709999999999994,0.15745,99.41499999999999,3632.0,10.0,1.0,,BenchmarkALPMatrix/float/decimal2/n=120/buckets=0/time=changing-st/XOR2/encode
scalar,BenchmarkALPMatrix,float,noisy-decimal,120,0,no-st,ALP,encode,6,3873.0,3033.0,4408.0,30.983733539891556,247.95999999999998,2.175,0.03203,32.03,31.85,0.17205,99.235,4552.0,7.0,1.0,,BenchmarkALPMatrix/float/noisy-decimal/n=120/buckets=0/time=no-st/ALP/encode
scalar,BenchmarkALPMatrix,float,noisy-decimal,120,0,no-st,XOR,encode,6,2285.5,2281.0,3274.0,52.50492233646904,420.03499999999997,7.117,0.018920000000000003,18.92,18.85,0.07918,99.33500000000001,2208.0,9.0,1.0,,BenchmarkALPMatrix/float/noisy-decimal/n=120/buckets=0/time=no-st/XOR/encode
scalar,BenchmarkALPMatrix,float,noisy-decimal,120,0,no-st,XOR2,encode,6,1853.5,1841.0,2105.0,64.74237928243863,517.9,7.125,0.015314999999999999,15.315,15.255,0.0726,99.17,2224.0,9.0,1.0,,BenchmarkALPMatrix/float/noisy-decimal/n=120/buckets=0/time=no-st/XOR2/encode
scalar,BenchmarkALPMatrix,float,stale5,1024,0,no-st,ALP,decode,6,3289.5,3279.0,4941.0,311.29350965192276,2490.32,1.714,0.0032125,3.2125,3.205,0.006961,99.99,0.0,0.0,1.0,,BenchmarkALPMatrix/float/stale5/n=1024/buckets=0/time=no-st/ALP/decode
scalar,BenchmarkALPMatrix,float,stale5,1024,0,no-st,XOR,decode,6,8644.0,8561.0,16846.0,118.46367422489588,947.705,8.075,0.008442,8.442,8.4255,0.01757,100.0,0.0,0.0,1.0,,BenchmarkALPMatrix/float/stale5/n=1024/buckets=0/time=no-st/XOR/decode
scalar,BenchmarkALPMatrix,float,stale5,1024,0,no-st,XOR2,decode,6,18044.5,18026.0,18550.0,56.748593754329576,453.995,8.07,0.01762,17.62,17.59,0.02852,99.985,0.0,0.0,1.0,,BenchmarkALPMatrix/float/stale5/n=1024/buckets=0/time=no-st/XOR2/decode
scalar,BenchmarkALPMatrix,float,stale5,32,0,no-st,ALP,decode,6,315.4,250.7,352.1,101.45846544071021,812.865,3.031,0.009868,9.868,9.838000000000001,0.02264,100.1,0.0,0.0,1.0,,BenchmarkALPMatrix/float/stale5/n=32/buckets=0/time=no-st/ALP/decode
scalar,BenchmarkALPMatrix,float,stale5,32,0,no-st,XOR,decode,6,568.2,490.1,637.8,56.31819781766983,450.84000000000003,7.094,0.01777,17.77,17.729999999999997,0.038855,100.1,0.0,0.0,1.0,,BenchmarkALPMatrix/float/stale5/n=32/buckets=0/time=no-st/XOR/decode
scalar,BenchmarkALPMatrix,float,stale5,32,0,no-st,XOR2,decode,6,459.5,453.6,544.3,69.64091403699673,557.13,6.438,0.014375,14.375,14.345,0.028525000000000002,100.1,0.0,0.0,1.0,,BenchmarkALPMatrix/float/stale5/n=32/buckets=0/time=no-st/XOR2/decode
scalar,BenchmarkALPMatrix,integer-histogram,bursty,120,128,regular,ALPv3,decode-float,6,37906.5,34936.0,45170.0,3.165683985596138,3321.95,131.3,0.31585,315.85,305.6,10.344999999999999,99.99,0.0,0.0,1.0,,BenchmarkALPMatrix/integer-histogram/bursty/n=120/buckets=128/time=regular/ALPv3/decode-float
scalar,BenchmarkALPMatrix,integer-histogram,bursty,120,128,regular,ALPv4,decode-float,6,37828.0,37276.0,64801.0,3.1722533573014697,3324.69,94.5,0.3152,315.2,305.95000000000005,7.4990000000000006,99.99,0.0,0.0,1.0,,BenchmarkALPMatrix/integer-histogram/bursty/n=120/buckets=128/time=regular/ALPv4/decode-float
scalar,BenchmarkALPMatrix,integer-histogram,bursty,120,128,regular,legacy,decode-float,6,97540.5,95443.0,145866.0,1.2302582004398173,1289.305,94.92,0.81285,812.8499999999999,803.8,11.5595,99.99,16.0,2.0,1.0,,BenchmarkALPMatrix/integer-histogram/bursty/n=120/buckets=128/time=regular/legacy/decode-float
scalar,BenchmarkALPMatrix,integer-histogram,layout,120,128,regular,ALPv3,decode,6,53522.0,52939.0,53645.0,2.242068682037293,2367.63,26.03,0.44639999999999996,446.4,445.29999999999995,1.0875,100.1,0.0,0.0,2.0,,BenchmarkALPMatrix/integer-histogram/layout/n=120/buckets=128/time=regular/ALPv3/decode
scalar,BenchmarkALPMatrix,integer-histogram,layout,120,128,regular,ALPv3,decode-float,6,31553.5,31455.0,33661.0,3.8030646362527136,4016.04,26.03,0.26294999999999996,262.95,262.20000000000005,0.7263999999999999,99.99,0.0,0.0,2.0,,BenchmarkALPMatrix/integer-histogram/layout/n=120/buckets=128/time=regular/ALPv3/decode-float
scalar,BenchmarkALPMatrix,integer-histogram,layout,120,128,regular,ALPv4,decode,6,49526.0,48089.0,53792.0,2.4229697532609134,2560.725,23.62,0.41305000000000003,413.05,412.20000000000005,0.88295,100.1,0.0,0.0,2.0,,BenchmarkALPMatrix/integer-histogram/layout/n=120/buckets=128/time=regular/ALPv4/decode
scalar,BenchmarkALPMatrix,integer-histogram,layout,120,128,regular,ALPv4,decode-float,6,34673.0,33320.0,39138.0,3.460906180601621,3657.395,23.62,0.2889,288.9,288.2,0.7023999999999999,99.995,0.0,0.0,2.0,,BenchmarkALPMatrix/integer-histogram/layout/n=120/buckets=128/time=regular/ALPv4/decode-float
scalar,BenchmarkALPMatrix,integer-histogram,layout,120,128,regular,legacy,decode,6,82403.0,78204.0,88387.0,1.4562576605220683,1541.74,27.71,0.6872999999999999,687.3,686.0,1.374,100.1,32.0,4.0,2.0,,BenchmarkALPMatrix/integer-histogram/layout/n=120/buckets=128/time=regular/legacy/decode
scalar,BenchmarkALPMatrix,integer-histogram,layout,120,128,regular,legacy,decode-float,6,49225.5,48525.0,49821.0,2.4377609165981045,2574.2650000000003,27.71,0.40979999999999994,409.79999999999995,407.05,2.1805000000000003,99.895,32.0,4.0,2.0,,BenchmarkALPMatrix/integer-histogram/layout/n=120/buckets=128/time=regular/legacy/decode-float
simd,BenchmarkALPMatrix,float-histogram,bursty,1024,8,regular,ALPv3,decode,6,22626.5,22573.0,43256.0,45.256668066205556,3982.61,25.34,0.022095,22.095,22.045,0.0497,99.99,0.0,0.0,1.0,,BenchmarkALPMatrix/float-histogram/bursty/n=1024/buckets=8/time=regular/ALPv3/decode
simd,BenchmarkALPMatrix,float-histogram,bursty,1024,8,regular,ALPv4,decode,6,30819.0,30791.0,30920.0,33.22625653006262,2923.885,15.56,0.030095,30.095,30.02,0.070305,99.99,0.0,0.0,1.0,,BenchmarkALPMatrix/float-histogram/bursty/n=1024/buckets=8/time=regular/ALPv4/decode
simd,BenchmarkALPMatrix,float-histogram,bursty,1024,8,regular,legacy,decode,6,77969.5,77326.0,111104.0,13.133340601132494,1155.7350000000001,24.82,0.07612999999999999,76.13,76.005,0.1523,99.995,16.0,2.0,1.0,,BenchmarkALPMatrix/float-histogram/bursty/n=1024/buckets=8/time=regular/legacy/decode
simd,BenchmarkALPMatrix,float-histogram,layout,120,128,regular,ALPv3,encode,6,449354.5,443461.0,515962.0,0.2670497346749615,282.015,253.0,3.7335,3733.5,3720.0,13.905000000000001,99.715,193768.0,93.0,2.0,,BenchmarkALPMatrix/float-histogram/layout/n=120/buckets=128/time=regular/ALPv3/encode
simd,BenchmarkALPMatrix,float-histogram,layout,120,128,regular,ALPv4,encode,6,518054.5,507438.0,780773.0,0.23163586070577516,244.62,96.88,4.31,4310.0,4301.0,10.765,99.84,142568.0,91.0,2.0,,BenchmarkALPMatrix/float-histogram/layout/n=120/buckets=128/time=regular/ALPv4/encode
simd,BenchmarkALPMatrix,float-histogram,layout,120,128,regular,legacy,encode,6,266711.5,264226.0,392446.0,0.4499243564675689,475.125,186.3,2.2175,2217.5,2211.5,5.9305,99.76,98248.0,41.0,2.0,,BenchmarkALPMatrix/float-histogram/layout/n=120/buckets=128/time=regular/legacy/encode
simd,BenchmarkALPMatrix,float-histogram,noisy-fractional,120,8,regular,ALPv3,decode,6,4113.0,4098.0,6025.0,29.175784099197667,2567.525,73.67,0.03427,34.27,34.18,0.094245,99.98,0.0,0.0,1.0,,BenchmarkALPMatrix/float-histogram/noisy-fractional/n=120/buckets=8/time=regular/ALPv3/decode
simd,BenchmarkALPMatrix,float-histogram,noisy-fractional,120,8,regular,ALPv4,decode,6,4690.0,4109.0,5478.0,25.586353944562898,2253.4049999999997,73.67,0.03908,39.08,39.0,0.0811,99.995,0.0,0.0,1.0,,BenchmarkALPMatrix/float-histogram/noisy-fractional/n=120/buckets=8/time=regular/ALPv4/decode
simd,BenchmarkALPMatrix,float-histogram,noisy-fractional,120,8,regular,legacy,decode,6,11157.0,10308.0,12586.0,10.755579456843238,947.77,79.34,0.092965,92.965,92.75,0.213,99.99,16.0,2.0,1.0,,BenchmarkALPMatrix/float-histogram/noisy-fractional/n=120/buckets=8/time=regular/legacy/decode
simd,BenchmarkALPMatrix,float,counter,1024,0,regular,ALP,decode,6,6218.5,5597.0,6743.0,164.66993647985848,1322.395,1.769,0.006077999999999999,6.077999999999999,6.0705,0.0082735,100.1,0.0,0.0,1.0,,BenchmarkALPMatrix/float/counter/n=1024/buckets=0/time=regular/ALP/decode
simd,BenchmarkALPMatrix,float,counter,1024,0,regular,ALP,encode,6,12779.0,12752.0,18796.0,80.13146568589092,641.06,1.769,0.012410000000000001,12.41,12.355,0.056155,99.445,10936.0,16.0,1.0,,BenchmarkALPMatrix/float/counter/n=1024/buckets=0/time=regular/ALP/encode
simd,BenchmarkALPMatrix,float,counter,1024,0,regular,XOR2,decode,6,32413.0,29637.0,34510.0,31.59226236386635,252.74,4.688,0.031675,31.675,31.634999999999998,0.041120000000000004,100.1,0.0,0.0,1.0,,BenchmarkALPMatrix/float/counter/n=1024/buckets=0/time=regular/XOR2/decode
simd,BenchmarkALPMatrix,float,counter,1024,0,regular,XOR2,encode,6,14778.5,13887.0,17830.0,69.28984673681362,555.95,4.688,0.014305,14.305,14.24,0.0668,99.16,18224.0,14.0,1.0,,BenchmarkALPMatrix/float/counter/n=1024/buckets=0/time=regular/XOR2/encode
simd,BenchmarkALPMatrix,float,decimal2,120,0,changing-st,ALP,encode,6,5130.5,4283.0,5606.0,23.389533183900205,187.39,2.467,0.042505,42.505,42.305,0.19924999999999998,99.41,4552.0,7.0,1.0,,BenchmarkALPMatrix/float/decimal2/n=120/buckets=0/time=changing-st/ALP/encode
simd,BenchmarkALPMatrix,float,decimal2,120,0,changing-st,XOR2,encode,6,4432.0,4424.0,4450.0,27.075812274368232,216.61,8.242,0.036739999999999995,36.739999999999995,36.57,0.17154999999999998,99.49,3632.0,10.0,1.0,,BenchmarkALPMatrix/float/decimal2/n=120/buckets=0/time=changing-st/XOR2/encode
simd,BenchmarkALPMatrix,float,noisy-decimal,120,0,no-st,ALP,encode,6,2328.0,2322.0,3349.0,51.54639175257732,412.35,2.175,0.019149999999999997,19.15,19.025,0.1311,98.7,4552.0,7.0,1.0,,BenchmarkALPMatrix/float/noisy-decimal/n=120/buckets=0/time=no-st/ALP/encode
simd,BenchmarkALPMatrix,float,noisy-decimal,120,0,no-st,XOR,encode,6,2305.5,2299.0,2322.0,52.049446974625894,416.38,7.117,0.01909,19.09,19.005000000000003,0.084915,99.35,2208.0,9.0,1.0,,BenchmarkALPMatrix/float/noisy-decimal/n=120/buckets=0/time=no-st/XOR/encode
simd,BenchmarkALPMatrix,float,noisy-decimal,120,0,no-st,XOR2,encode,6,1859.0,1846.0,2723.0,64.55083378160302,516.4449999999999,7.125,0.015355,15.355,15.295,0.07031000000000001,99.14,2224.0,9.0,1.0,,BenchmarkALPMatrix/float/noisy-decimal/n=120/buckets=0/time=no-st/XOR2/encode
simd,BenchmarkALPMatrix,float,stale5,1024,0,no-st,ALP,decode,6,3084.0,3060.0,4497.0,332.03631647211415,2656.325,1.714,0.003012,3.012,3.003,0.007352,100.0,0.0,0.0,1.0,,BenchmarkALPMatrix/float/stale5/n=1024/buckets=0/time=no-st/ALP/decode
simd,BenchmarkALPMatrix,float,stale5,1024,0,no-st,XOR,decode,6,8590.0,8574.0,12491.0,119.20838183934808,953.675,8.075,0.008387499999999999,8.3875,8.371500000000001,0.018325,99.99,0.0,0.0,1.0,,BenchmarkALPMatrix/float/stale5/n=1024/buckets=0/time=no-st/XOR/decode
simd,BenchmarkALPMatrix,float,stale5,1024,0,no-st,XOR2,decode,6,18999.5,18132.0,22123.0,53.896155161977944,431.555,8.07,0.018549999999999997,18.549999999999997,18.515,0.04362,99.99,0.0,0.0,1.0,,BenchmarkALPMatrix/float/stale5/n=1024/buckets=0/time=no-st/XOR2/decode
simd,BenchmarkALPMatrix,float,stale5,32,0,no-st,ALP,decode,6,248.9,240.1,261.6,128.56568903173965,1028.6,3.031,0.0077845,7.7844999999999995,7.7675,0.018125000000000002,100.1,0.0,0.0,1.0,,BenchmarkALPMatrix/float/stale5/n=32/buckets=0/time=no-st/ALP/decode
simd,BenchmarkALPMatrix,float,stale5,32,0,no-st,XOR,decode,6,475.45,455.0,493.1,67.30465874434746,538.71,7.094,0.01487,14.87,14.825,0.033089999999999994,100.1,0.0,0.0,1.0,,BenchmarkALPMatrix/float/stale5/n=32/buckets=0/time=no-st/XOR/decode
simd,BenchmarkALPMatrix,float,stale5,32,0,no-st,XOR2,decode,6,401.85,385.4,407.7,79.63170337190493,637.05,6.438,0.01257,12.57,12.54,0.032365000000000005,100.1,0.0,0.0,1.0,,BenchmarkALPMatrix/float/stale5/n=32/buckets=0/time=no-st/XOR2/decode
simd,BenchmarkALPMatrix,integer-histogram,bursty,120,128,regular,ALPv3,decode-float,6,28622.5,28535.0,29032.0,4.192505895711416,4393.725,131.3,0.2385,238.5,237.75,0.58815,99.995,0.0,0.0,1.0,,BenchmarkALPMatrix/integer-histogram/bursty/n=120/buckets=128/time=regular/ALPv3/decode-float
simd,BenchmarkALPMatrix,integer-histogram,bursty,120,128,regular,ALPv4,decode-float,6,28459.0,28393.0,53680.0,4.216592290663762,4418.995,94.5,0.23715,237.15,236.60000000000002,0.6476500000000001,99.99,0.0,0.0,1.0,,BenchmarkALPMatrix/integer-histogram/bursty/n=120/buckets=128/time=regular/ALPv4/decode-float
simd,BenchmarkALPMatrix,integer-histogram,bursty,120,128,regular,legacy,decode-float,6,97597.0,96309.0,140102.0,1.2295459901431396,1288.57,94.92,0.8131499999999999,813.15,792.45,15.594999999999999,99.98,16.0,2.0,1.0,,BenchmarkALPMatrix/integer-histogram/bursty/n=120/buckets=128/time=regular/legacy/decode-float
simd,BenchmarkALPMatrix,integer-histogram,layout,120,128,regular,ALPv3,decode,6,50327.5,50221.0,50524.0,2.3843822959614527,2517.8950000000004,26.03,0.41979999999999995,419.79999999999995,418.75,1.0186,100.1,0.0,0.0,2.0,,BenchmarkALPMatrix/integer-histogram/layout/n=120/buckets=128/time=regular/ALPv3/decode
simd,BenchmarkALPMatrix,integer-histogram,layout,120,128,regular,ALPv3,decode-float,6,28922.0,26147.0,32207.0,4.149090657630869,4387.285,26.03,0.241,241.0,240.39999999999998,0.5811,99.99,0.0,0.0,2.0,,BenchmarkALPMatrix/integer-histogram/layout/n=120/buckets=128/time=regular/ALPv3/decode-float
simd,BenchmarkALPMatrix,integer-histogram,layout,120,128,regular,ALPv4,decode,6,51743.0,51035.0,52644.0,2.3191542817385926,2449.0299999999997,23.62,0.43160000000000004,431.6,430.65,0.98665,100.1,0.0,0.0,2.0,,BenchmarkALPMatrix/integer-histogram/layout/n=120/buckets=128/time=regular/ALPv4/decode
simd,BenchmarkALPMatrix,integer-histogram,layout,120,128,regular,ALPv4,decode-float,6,26667.5,26241.0,38089.0,4.499859379394394,4752.014999999999,23.62,0.22175,221.75,220.85,0.83975,99.78999999999999,0.0,0.0,2.0,,BenchmarkALPMatrix/integer-histogram/layout/n=120/buckets=128/time=regular/ALPv4/decode-float
simd,BenchmarkALPMatrix,integer-histogram,layout,120,128,regular,legacy,decode,6,78275.0,78105.0,87334.0,1.5330565314595976,1618.9,27.71,0.65285,652.85,651.15,1.5565,100.1,32.0,4.0,2.0,,BenchmarkALPMatrix/integer-histogram/layout/n=120/buckets=128/time=regular/legacy/decode
simd,BenchmarkALPMatrix,integer-histogram,layout,120,128,regular,legacy,decode-float,6,48361.0,48244.0,73477.0,2.481338268439445,2620.3,27.71,0.403,403.0,401.8,1.1784,99.995,32.0,4.0,2.0,,BenchmarkALPMatrix/integer-histogram/layout/n=120/buckets=128/time=regular/legacy/decode-float
